  {
    "Comment": "Create and start a new professional onboarding workflow",
    "StartAt": "Check Benefit Awards Status / Delegation Lambda",
    "States": {
      "Check Benefit Awards Status / Delegation Lambda": {
        "Type": "Task",
        "Resource": "arn:aws:states:::lambda:invoke.waitForTaskToken",
        "Parameters": {
            "FunctionName": "${ItsBCDelegationLambda}",
                "Payload": {
                    "payload.$": "$",
                    "token.$":"$$.Task.Token"
                }
        },
        "Next": "Notify Success",
        "Catch": [
        {
          "ErrorEquals": [ "States.ALL" ],
          "Next": "Notify Failure"
        }
        ]
      },
      "Notify Success": {
        "Type": "Pass",
        "End": true
      },
      "Notify Failure": {
        "Type": "Pass",
        "End": true
        }
    }
 }
 