{
    "Comment": "Create and start a new professional onboarding workflow",
    "StartAt": "Create New Execution Id",
    "States": {
      "Create New Execution Id": {
        "Type": "Task",
        "Resource": "${ItsGenerateNewWorkflowExecId}",
        "ResultPath": "$.workflowExecId",
        "OutputPath": "$",
        "Next": "Create Execution Record"      
      },
      "Create Execution Record": {
        "Type": "Task",
        "Resource": "arn:aws:states:::dynamodb:putItem",
        "Parameters": {
          "TableName": "ItsOnBoardingDB",
          "Item": {
            "id": {
              "S.$": "$.workflowExecId"
            }
          }
        },
        "ResultPath": "$.persistResult",
        "OutputPath": "$",
        "Next": "Start OnBoarding Workflow"
      },
      "Start OnBoarding Workflow": {
        "Type": "Task",
        "Resource": "arn:aws:states:::states:startExecution",
        "Parameters": {
          "StateMachineArn": "${ItsOnBoardingWorkflow}",
          "Input": {
            "customer.$": "$.customer",
            "country.$": "$.country",
            "name.$": "$.name",
            "traceId.$": "$.workflowExecId"
          }
        },
        "End": true
      }
    }
  }